{
    "$schema": "http://schema.management.azure.com/schemas/2015-01-01/deploymentTemplate.json",
    "contentVersion": "1.0.0.0",
    "parameters": {
        "omsWorkspaceName": {
            "type": "string",
            "defaultValue": "MyWorkspace",
            "metadata": {
                "description": "Assign a name for the Log Analytic Workspace Name"
            }
        },
        "omsWorkspaceRegion": {
            "type": "string",
            "defaultValue": "West Europe",
            "allowedValues": [
                "East US",
                "West Europe",
                "Southeast Asia",
                "Australia Southeast"
            ],
            "metadata": {
                "description": "Specify the region for your Workspace"
            }
        }
    },
    "variables": {},
    "resources": [
        {
            "apiVersion": "2015-11-01-preview",
            "location": "[parameters('omsWorkspaceRegion')]",
            "name": "[parameters('omsWorkspaceName')]",
            "type": "Microsoft.OperationalInsights/workspaces",
            "comments": "Log Analytics workspace",
            "properties": {
                "sku": {
                    "name": "Free"
                }
            }
        }
    ],
    "outputs": {}
}