  {
    "description": "",
    "parent": "e6689c22-a085-4c59-95a9-5b5289a15b0a",
    "environment_trumps": true,
    "name": "[CLIENTNAME]_[ENVIRONMENT]",
    "rule": [
      "and",
      [
        "=",
        [
          "fact",
          "agent_specified_environment"
        ],
        "[ENVIRONMENT]"
      ],
      [
        "=",
        [
          "fact",
          "domain"
        ],
        "[DOMAINNAME]"
      ]
    ],
    "variables": {
    },
    "id": "b8bc3386-1a00-4cd2-b618-f6c425790d82",
    "environment": "[ENVIRONMENT]",
    "classes": {
      "cmrs_roles::roles": {
      }
    }
  },
